﻿<?xml version="1.0" encoding="UTF-8" ?> <kronoarena><grupy>	<grupa id="1" folder="grupa1/">		<elementy>					<element id="1" name="Podłogi" folder="trybuna1/">				<baner1 typ="flash" src="/pp/flash1.swf" flashvars="folderPath=/krono/site/flash/" />				<baner2 typ="img" src="/pp/obrazek.jpg" />				<podloga typ="img" src="p1.jpg" />				<trybuny >					<element id="1" />					<element id="2" />					<element id="3"  />					<element id="4" />					<element id="5" />					<element id="6"  />					<element id="7" x="35" y="366" src="1.jpg" src_hover="1.jpg" url="www.site.com" />					<element id="8" x="190" y="368" src="2.jpg" src_hover="2.jpg" url="www.site.com" />					<element id="9" x="335" y="364" src="3.jpg" src_hover="3.jpg" url="www.site.com" />					<element id="10" x="492" y="366" src="4.jpg" src_hover="4.jpg" url="www.site.com" />					<element id="11" x="626" y="368" src="5.jpg" src_hover="5.jpg" url="www.site.com" />					<element id="12" x="763" y="370" src="6.jpg" src_hover="6.jpg" url="www.site.com" />				</trybuny>			</element>						<element id="2" name="Dekoracja ścian" folder="trybuna2/" >				<baner1 typ="flash" src="/ps/flash1.swf" flashvars="folderPath=/krono/site/flash/" />				<baner2 typ="img" src="/ps/obrazek.jpg" />				<podloga typ="img" src="p2.jpg" />				<trybuny>				</trybuny>			</element>						<element id="3" name="Listwy i akcesoria" folder="trybuna3/">				<baner1 typ="flash" src="/ps/flash1.swf" flashvars="folderPath=/krono/site/flash/" />				<baner2 typ="img" src="/ps/obrazek.jpg" />				<podloga typ="img" src="p3.jpg" />				<trybuny >				</trybuny>			</element>						<element id="4" name="Blaty i powierzcznie robocze" folder="trybuna4/" >				<baner1 typ="flash" src="/ps/flash1.swf" flashvars="folderPath=/krono/site/flash/" />				<baner2 typ="img" src="/ps/obrazek.jpg" />				<podloga typ="img" src="p4.jpg" />				<trybuny>				</trybuny>			</element>				</elementy>	</grupa>		<grupa id="2" folder="grupa2/">		<elementy>					<element id="1" name="Aranżator wnętrz" folder="trybuna1/">				<baner1 typ="flash" src="/pp/flash1.swf" flashvars="folderPath=/krono/site/flash/" />				<baner2 typ="img" src="/pp/obrazek.jpg" />				<podloga typ="img" src="p1.jpg" />				<trybuny >				</trybuny>			</element>						<element id="2" name="Sklepy i montażyści" folder="trybuna2/">				<baner1 typ="flash" src="/ps/flash1.swf" flashvars="folderPath=/krono/site/flash/" />				<baner2 typ="img" src="/ps/obrazek.jpg" />				<podloga typ="img" src="p2.jpg" />				<trybuny>				</trybuny>			</element>						<element id="3" name="Porady techniczne" folder="trybuna3/">				<baner1 typ="flash" src="/ps/flash1.swf" flashvars="folderPath=/krono/site/flash/" />				<baner2 typ="img" src="/ps/obrazek.jpg" />				<podloga typ="img" src="p3.jpg" />				<trybuny>				</trybuny>			</element>						<element id="4" name="Inspiracje" folder="trybuna4/">				<baner1 typ="flash" src="/ps/flash1.swf" flashvars="folderPath=/krono/site/flash/" />				<baner2 typ="img" src="/ps/obrazek.jpg" />				<podloga typ="img" src="p4.jpg" />				<trybuny>				</trybuny>			</element>				</elementy>	</grupa>		<grupa id="3" folder="grupa3/">		<elementy>					<element id="1" name="Strefa profesjonalisty"  folder="trybuna1/" >				<baner1 typ="flash" src="/pp/flash1.swf" flashvars="folderPath=/krono/site/flash/" />				<baner2 typ="img" src="/pp/obrazek.jpg" />				<podloga typ="img" src="p1.jpg" />				<trybuny>				</trybuny>			</element>						<element id="2" name="Aktualności" folder="trybuna2/" >				<baner1 typ="flash" src="/ps/flash1.swf" flashvars="folderPath=/krono/site/flash/" />				<baner2 typ="img" src="/ps/obrazek.jpg" />				<podloga typ="img" src="p2.jpg" />				<trybuny>				</trybuny>			</element>						<element id="3" name="Do pobrania"  folder="trybuna3/" >				<baner1 typ="flash" src="/ps/flash1.swf" flashvars="folderPath=/krono/site/flash/" />				<baner2 typ="img" src="/ps/obrazek.jpg" />				<podloga typ="img" src="p3.jpg" />				<trybuny>				</trybuny>			</element>							</elementy>	</grupa>	</grupy><banerdolny folder="banerdolny/">	<element id="1" src="1.png" url="www.site.com" />	<element id="2" src="2.png"  />	<element id="3" src="3.png" url="www.site.com" />	<element id="4" src="4.png" url="www.site.com" />	<element id="5" src="5.png" url="www.site.com" />	<element id="6" src="1.png" url="www.site.com" />	<element id="7" src="2.png"  />	<element id="8" src="3.png" url="www.site.com" />	<element id="9" src="4.png" url="www.site.com" />	<element id="10" src="5.png" url="www.site.com" /></banerdolny></kronoarena>